ID,Tamaño,Peso,Volumen,Longitud,Anchura,Altura
6AOU6V,pequeño,1.88,9044.0,28.0,19.0,17.0
HNXK2D,grande,21.97,1040440.0,185.0,74.0,76.0
1S2044,pequeño,1.34,2730.0,30.0,13.0,7.0
2B86CI,grande,25.34,435501.0,99.0,53.0,83.0
EIH10G,grande,48.91,492522.0,83.0,86.0,69.0
5YEMO7,grande,30.34,232960.0,130.0,56.0,32.0
80FO34,pequeño,4.37,5040.0,36.0,20.0,7.0
MK1BYG,grande,41.91,401115.0,143.0,51.0,55.0
EZI2IH,mediano,9.65,80640.0,48.0,40.0,42.0
ZK742A,pequeño,4.99,2200.0,25.0,11.0,8.0
SRBOAF,grande,27.37,1232616.0,174.0,92.0,77.0
24XQ7D,mediano,11.45,15444.0,33.0,36.0,13.0
QWBF3P,mediano,19.45,64728.0,62.0,36.0,29.0
FSQO55,grande,25.49,1081528.0,178.0,98.0,62.0
2C5B8M,mediano,11.86,41760.0,60.0,24.0,29.0
UD8BJK,mediano,14.59,82000.0,40.0,50.0,41.0
E8QN5A,pequeño,1.78,2088.0,29.0,18.0,4.0
QJ2201,pequeño,0.5,1925.0,35.0,11.0,5.0
OHFH3I,grande,33.12,291060.0,108.0,55.0,49.0
RRCQIQ,grande,40.13,532266.0,161.0,87.0,38.0
X887HJ,pequeño,1.43,3696.0,22.0,12.0,14.0
YO8IO1,mediano,7.6,86400.0,36.0,50.0,48.0
6KCDNX,grande,27.37,969696.0,168.0,78.0,74.0
VYLJ5O,pequeño,1.59,4788.0,38.0,18.0,7.0
OR9LXM,mediano,16.12,58311.0,93.0,57.0,11.0
RU3OWL,mediano,14.18,90000.0,75.0,60.0,20.0
JSXFND,mediano,5.73,24200.0,44.0,50.0,11.0
4FU1YT,grande,24.8,1604768.0,188.0,97.0,88.0
0E3B6P,grande,22.78,399381.0,191.0,51.0,41.0
7BP8WR,mediano,15.19,170100.0,75.0,54.0,42.0
D5RFDJ,pequeño,3.39,7650.0,30.0,15.0,17.0
B9V16E,pequeño,0.53,468.0,18.0,26.0,1.0
JBO0UF,pequeño,4.57,11305.0,35.0,17.0,19.0
ZFBLQM,grande,45.3,593835.0,177.0,61.0,55.0
NV0F6Z,pequeño,4.86,5568.0,16.0,29.0,12.0
LKEWBE,pequeño,0.72,3040.0,16.0,10.0,19.0
XOIQ5G,mediano,12.44,44850.0,46.0,25.0,39.0
K9YWFW,grande,36.76,1261440.0,146.0,90.0,96.0
Y1DRAR,grande,20.65,599924.0,139.0,83.0,52.0
ZA7OV7,grande,20.64,426600.0,150.0,79.0,36.0
0C06JE,mediano,11.43,54929.0,49.0,59.0,19.0
PIB8NB,pequeño,3.53,4420.0,13.0,17.0,20.0
KER75H,grande,27.48,185659.0,113.0,53.0,31.0
5NMSLF,mediano,8.91,58926.0,61.0,46.0,21.0
7VEX7F,mediano,7.51,121524.0,78.0,38.0,41.0
CCOI2P,pequeño,1.36,5865.0,23.0,17.0,15.0
3O5D66,grande,34.49,436600.0,100.0,74.0,59.0
CV0VJD,pequeño,3.56,9072.0,27.0,21.0,16.0
JPESJ0,grande,20.55,343976.0,124.0,73.0,38.0
PLZOTP,pequeño,3.92,9900.0,33.0,15.0,20.0
5DIYII,pequeño,3.08,7800.0,30.0,20.0,13.0
PSQMDU,mediano,19.1,38610.0,90.0,33.0,13.0
1O6A50,pequeño,3.88,2160.0,30.0,12.0,6.0
QJK8N7,mediano,9.81,25536.0,42.0,32.0,19.0
CTYCQ9,grande,20.14,469040.0,88.0,82.0,65.0
7D70S6,pequeño,4.93,6650.0,35.0,19.0,10.0
YZ78PK,pequeño,4.95,13104.0,28.0,26.0,18.0
1ML8KN,mediano,8.99,98532.0,63.0,46.0,34.0
LNOGRF,mediano,9.84,115584.0,64.0,42.0,43.0
VAVYFM,grande,28.84,686826.0,138.0,79.0,63.0
GSHS32,mediano,11.15,30272.0,86.0,32.0,11.0
TF8W0T,pequeño,4.01,1197.0,21.0,19.0,3.0
M7OJJE,pequeño,2.41,10440.0,29.0,20.0,18.0
43KDA8,pequeño,4.81,5890.0,31.0,19.0,10.0
EEV9KU,grande,24.61,674028.0,158.0,54.0,79.0
D3K0UJ,grande,30.2,804804.0,134.0,77.0,78.0
IJOPC7,mediano,11.79,147900.0,75.0,58.0,34.0
ZYWI0T,mediano,18.7,31824.0,39.0,51.0,16.0
7O1PWB,grande,28.12,881790.0,190.0,91.0,51.0
LHXWR0,grande,47.24,546702.0,163.0,86.0,39.0
0FPENS,pequeño,2.14,2992.0,11.0,16.0,17.0
J9FZZP,mediano,7.68,33660.0,68.0,33.0,15.0
9N43U2,pequeño,2.74,6864.0,39.0,22.0,8.0
FYDJ22,pequeño,3.78,3564.0,33.0,18.0,6.0
XDCVK9,mediano,11.76,31280.0,40.0,23.0,34.0
4Q1J6D,grande,48.55,470580.0,110.0,62.0,69.0
OTU4PL,pequeño,1.74,1725.0,15.0,23.0,5.0
9XZECU,grande,32.9,438134.0,94.0,79.0,59.0
EQHWUA,grande,45.04,445300.0,100.0,61.0,73.0
0BUTW2,grande,47.44,1079078.0,154.0,91.0,77.0
ERY0NK,mediano,15.76,32994.0,94.0,27.0,13.0
PGKQO0,pequeño,1.14,990.0,30.0,11.0,3.0
B1XYML,mediano,18.95,76146.0,98.0,37.0,21.0
J7GXK6,mediano,11.12,58752.0,72.0,34.0,24.0
DF4YKA,pequeño,2.53,748.0,22.0,17.0,2.0
0SLGF5,pequeño,2.41,1520.0,38.0,10.0,4.0
KWQZD5,mediano,13.16,42630.0,35.0,42.0,29.0
NILFOV,grande,34.96,1603584.0,174.0,96.0,96.0
8DODXB,pequeño,4.13,9660.0,23.0,21.0,20.0
HYBC43,mediano,17.72,56400.0,75.0,47.0,16.0
72T3H7,pequeño,1.86,10584.0,28.0,27.0,14.0
0TRAA0,grande,40.69,503152.0,104.0,59.0,82.0
NL3QDA,grande,34.92,308568.0,86.0,92.0,39.0
VVYWI0,pequeño,1.08,8624.0,28.0,28.0,11.0
DJW064,pequeño,3.12,5750.0,23.0,25.0,10.0
IEB44B,pequeño,2.71,1008.0,12.0,14.0,6.0
YJE0O5,mediano,10.19,129673.0,89.0,31.0,47.0
FBYX28,pequeño,1.65,7696.0,37.0,13.0,16.0
L8Z3LV,pequeño,2.96,7502.0,31.0,22.0,11.0
T25B0L,mediano,17.54,22862.0,71.0,23.0,14.0
OPUCY3,mediano,6.46,51243.0,31.0,57.0,29.0
7Y1OHV,grande,34.9,915810.0,105.0,98.0,89.0
WQMLJW,grande,28.0,573588.0,113.0,94.0,54.0
GY889X,pequeño,2.13,1512.0,21.0,12.0,6.0
EHUZDO,grande,37.12,972660.0,195.0,58.0,86.0
0QYY80,mediano,11.57,81400.0,74.0,50.0,22.0
JZ18S2,mediano,15.75,89262.0,54.0,57.0,29.0
2FNXK5,pequeño,3.41,1209.0,31.0,13.0,3.0
GAUSXM,mediano,6.0,67947.0,71.0,33.0,29.0
UYK70D,mediano,10.62,78995.0,61.0,35.0,37.0
7ML2CI,pequeño,2.53,4030.0,31.0,26.0,5.0
VXXCYD,mediano,19.39,132717.0,83.0,41.0,39.0
2GPE7M,pequeño,2.23,3825.0,15.0,15.0,17.0
EJVEOS,mediano,13.23,84672.0,48.0,36.0,49.0
1PTIHA,pequeño,1.15,6864.0,39.0,22.0,8.0
QNVKBG,mediano,12.06,34782.0,31.0,51.0,22.0
SWTL15,grande,39.63,378675.0,81.0,85.0,55.0
AA5LJ6,pequeño,1.69,3640.0,26.0,14.0,10.0
LQNW4T,pequeño,1.1,4125.0,11.0,25.0,15.0
91L18Y,pequeño,2.9,4284.0,17.0,28.0,9.0
2RJ7WI,pequeño,2.98,270.0,15.0,18.0,1.0
T78MU5,mediano,8.15,72912.0,62.0,28.0,42.0
UQ0WVE,mediano,11.13,30932.0,74.0,22.0,19.0
HO9JGU,mediano,18.14,40404.0,42.0,37.0,26.0
18HSBD,grande,49.93,1094715.0,159.0,81.0,85.0
GIZ9SD,mediano,19.59,127840.0,80.0,47.0,34.0
0521T5,pequeño,4.89,3360.0,14.0,24.0,10.0
ZFVDUF,mediano,7.97,159324.0,71.0,51.0,44.0
9WQBFM,grande,24.29,481250.0,125.0,55.0,70.0
4W92SB,grande,21.71,767040.0,96.0,94.0,85.0
VN2WTH,mediano,13.39,67488.0,57.0,32.0,37.0
JRDK1J,grande,45.5,820000.0,200.0,82.0,50.0
WYR945,pequeño,1.17,1680.0,21.0,20.0,4.0
UDFEQA,pequeño,4.8,4312.0,14.0,22.0,14.0
K35VP5,mediano,19.31,47334.0,69.0,49.0,14.0
V0TIOR,grande,26.08,472290.0,173.0,91.0,30.0
18L2ID,mediano,10.09,60489.0,39.0,33.0,47.0
FAEU6A,grande,36.65,1056125.0,175.0,71.0,85.0
RPYWPD,grande,48.5,655578.0,129.0,66.0,77.0
8FR42V,mediano,17.25,49896.0,84.0,33.0,18.0
6NRCZZ,grande,23.7,707658.0,87.0,83.0,98.0
FX9LKY,grande,32.54,1174500.0,150.0,87.0,90.0
0922A7,mediano,5.58,70000.0,70.0,40.0,25.0
9ZH2JT,grande,31.84,617760.0,176.0,65.0,54.0
AUQWOZ,mediano,18.07,42900.0,44.0,25.0,39.0
T2NKP6,mediano,11.94,34188.0,77.0,37.0,12.0
MYM1LI,mediano,13.04,43758.0,66.0,39.0,17.0
OVAJPT,grande,43.62,674355.0,165.0,61.0,67.0
CKBSRE,grande,23.96,540096.0,97.0,96.0,58.0
ULSCLT,pequeño,4.72,2184.0,12.0,26.0,7.0
TNLSI1,pequeño,3.4,5376.0,16.0,28.0,12.0
LN6C02,grande,42.14,1114380.0,151.0,90.0,82.0
K85VGZ,mediano,16.1,47355.0,55.0,21.0,41.0
Y9NEG0,grande,46.19,192000.0,80.0,75.0,32.0
5LZJTB,grande,44.05,565862.0,187.0,89.0,34.0
EJ89GT,grande,47.69,315560.0,98.0,70.0,46.0
U7L45X,grande,26.57,443025.0,179.0,55.0,45.0
GXM8YC,pequeño,2.14,13566.0,34.0,21.0,19.0
M24M0Q,grande,40.2,631904.0,104.0,62.0,98.0
2WAF7H,grande,31.57,799200.0,180.0,74.0,60.0
Z04EDJ,grande,39.53,851840.0,110.0,88.0,88.0
DWZSAC,pequeño,2.13,6175.0,13.0,25.0,19.0
49QGXB,pequeño,0.59,6720.0,30.0,28.0,8.0
TLT5AW,grande,36.54,614880.0,144.0,70.0,61.0
KA22RV,mediano,19.46,56511.0,63.0,23.0,39.0
GE2M46,grande,42.58,844800.0,88.0,100.0,96.0
BOF4B4,pequeño,3.99,4590.0,18.0,17.0,15.0
U64VSM,grande,38.73,809592.0,183.0,56.0,79.0
REYT5B,grande,40.53,1645605.0,195.0,87.0,97.0
7MEFN0,pequeño,3.36,3388.0,22.0,22.0,7.0
WOZ2IP,grande,35.39,824044.0,169.0,92.0,53.0
52V6W6,pequeño,1.62,3168.0,22.0,24.0,6.0
KMPO7S,grande,26.54,1274724.0,148.0,99.0,87.0
AUI2NE,grande,24.26,430759.0,149.0,59.0,49.0
R7ZK5W,mediano,9.41,106082.0,62.0,59.0,29.0
NL1H7F,grande,37.34,687456.0,96.0,77.0,93.0
HP6TXG,mediano,17.39,56160.0,48.0,39.0,30.0
7KIVMF,grande,39.86,1053000.0,180.0,78.0,75.0
ISFV40,grande,34.2,635635.0,127.0,55.0,91.0
R07BBV,grande,36.95,189810.0,90.0,57.0,37.0
YIMIEF,pequeño,4.58,9768.0,37.0,24.0,11.0
FYI6R5,mediano,5.42,82308.0,76.0,57.0,19.0
E5ALQW,pequeño,1.75,3528.0,18.0,14.0,14.0
2TC6EY,grande,30.68,323505.0,117.0,79.0,35.0
EUCGHS,pequeño,2.05,6900.0,25.0,23.0,12.0
M5X1AS,mediano,18.18,66584.0,41.0,56.0,29.0
ACFUZW,grande,24.19,1041348.0,138.0,98.0,77.0
LDWKUI,mediano,14.2,100620.0,86.0,30.0,39.0
JH9KCB,grande,40.37,892239.0,193.0,67.0,69.0
TGHVX7,pequeño,4.29,8550.0,38.0,15.0,15.0
ZAVXM6,pequeño,1.86,15776.0,32.0,29.0,17.0
29DXTN,grande,30.54,473823.0,109.0,63.0,69.0
V12PPD,mediano,6.0,61740.0,42.0,35.0,42.0
Z57SIK,pequeño,0.85,6864.0,33.0,13.0,16.0
3AOR0O,mediano,16.77,211932.0,87.0,58.0,42.0
7RBF8N,mediano,13.28,56160.0,45.0,26.0,48.0
RGLHJP,grande,26.2,560280.0,116.0,70.0,69.0
TGX3V9,pequeño,3.19,3060.0,15.0,17.0,12.0
3MFTFI,grande,22.76,688750.0,125.0,95.0,58.0
BMPFTK,grande,44.09,744930.0,89.0,90.0,93.0
GZYUGO,grande,38.29,426870.0,81.0,62.0,85.0
SDAB16,pequeño,2.91,4275.0,19.0,25.0,9.0
FFEO9F,pequeño,1.84,3264.0,34.0,16.0,6.0
C9RJRG,pequeño,1.58,12555.0,31.0,27.0,15.0
167VWT,pequeño,3.24,874.0,23.0,19.0,2.0
OAWNZ2,pequeño,2.92,6480.0,24.0,30.0,9.0
C7SODR,grande,34.33,308652.0,89.0,51.0,68.0
44PGUS,grande,33.27,373932.0,117.0,94.0,34.0
XWXQ7O,grande,28.28,558558.0,91.0,93.0,66.0
IBYCDW,pequeño,2.49,3132.0,29.0,18.0,6.0
J2BUYG,mediano,17.65,74750.0,65.0,50.0,23.0
FT4RJ9,grande,27.16,911606.0,127.0,97.0,74.0
9B4QRI,grande,29.43,483990.0,130.0,51.0,73.0
8Q3ZJE,grande,42.25,367200.0,96.0,75.0,51.0
0766M4,grande,49.88,1078000.0,196.0,100.0,55.0
D6ZZOZ,grande,29.69,549054.0,177.0,66.0,47.0
AHD3QN,mediano,16.85,73644.0,51.0,38.0,38.0
PLLHZ3,grande,22.3,1345212.0,172.0,79.0,99.0
7TKAHQ,pequeño,1.11,3564.0,33.0,27.0,4.0
1YD01H,grande,38.23,393414.0,119.0,87.0,38.0
JU7XBM,mediano,11.85,112320.0,60.0,39.0,48.0
GH4QS7,grande,27.03,427500.0,171.0,50.0,50.0
ORD24J,pequeño,4.29,5808.0,22.0,22.0,12.0
1JDATU,mediano,10.56,59400.0,45.0,40.0,33.0
OZJ2SQ,pequeño,2.29,8160.0,32.0,15.0,17.0
8QJK9N,pequeño,1.86,5544.0,36.0,14.0,11.0
2AQ6ZH,mediano,5.22,81606.0,67.0,29.0,42.0
AJPTVO,mediano,12.89,37582.0,43.0,38.0,23.0
V4Z1TJ,mediano,6.03,88452.0,63.0,54.0,26.0
G9N8XC,pequeño,4.96,7776.0,36.0,12.0,18.0
GGXC2N,mediano,19.81,18810.0,57.0,33.0,10.0
510UQA,pequeño,2.92,338.0,13.0,13.0,2.0
DYTNTF,mediano,15.93,118944.0,56.0,59.0,36.0
N6AQGD,mediano,6.05,49938.0,42.0,29.0,41.0
TNZFXY,mediano,5.3,84700.0,35.0,55.0,44.0
OZ3H3F,pequeño,1.28,3300.0,11.0,30.0,10.0
Z7LE39,pequeño,4.71,5950.0,14.0,25.0,17.0
6RDMUD,pequeño,2.41,7128.0,27.0,24.0,11.0
U6IMO3,pequeño,4.59,960.0,12.0,16.0,5.0
98WJBY,pequeño,4.89,16302.0,33.0,26.0,19.0
3F2UDJ,pequeño,2.48,8550.0,25.0,18.0,19.0
LXPSK9,pequeño,0.78,1400.0,25.0,14.0,4.0
K9SVLT,grande,42.87,463320.0,143.0,72.0,45.0
ZH8EGY,mediano,9.78,78650.0,65.0,55.0,22.0
FTX904,pequeño,2.39,5797.0,31.0,17.0,11.0
7PU7EV,grande,25.9,328166.0,158.0,67.0,31.0
3H22OO,pequeño,1.25,4320.0,18.0,20.0,12.0
ZZW0NL,mediano,11.5,107200.0,67.0,32.0,50.0
ODIWOM,grande,23.24,354816.0,128.0,66.0,42.0
G46MMU,mediano,6.72,16588.0,58.0,26.0,11.0
8R1WIN,pequeño,0.67,858.0,22.0,13.0,3.0
XMX5PD,grande,49.7,578160.0,90.0,73.0,88.0
RYESF6,pequeño,0.53,1296.0,27.0,12.0,4.0
QPVO6Q,grande,37.47,607984.0,104.0,74.0,79.0
LNRZKO,pequeño,4.17,800.0,20.0,20.0,2.0
488X50,grande,35.68,894348.0,147.0,78.0,78.0
4A0FO5,mediano,11.13,97760.0,65.0,32.0,47.0
P3S37V,pequeño,0.77,870.0,29.0,10.0,3.0
9DG3JM,mediano,10.51,95904.0,37.0,54.0,48.0
VAIG1R,grande,46.92,770904.0,108.0,83.0,86.0
BQ7KGC,mediano,13.77,49400.0,100.0,38.0,13.0
WOKKJY,grande,28.87,603840.0,111.0,80.0,68.0
28WP4Q,grande,28.02,609444.0,171.0,99.0,36.0
E941CQ,pequeño,3.51,3381.0,21.0,23.0,7.0
5C97P7,pequeño,3.04,4312.0,22.0,28.0,7.0
8QUJQR,pequeño,1.11,15080.0,29.0,26.0,20.0
B64LYL,grande,27.55,538272.0,189.0,89.0,32.0
M7X9A3,mediano,6.84,78375.0,75.0,55.0,19.0
W5JLRQ,grande,47.47,533975.0,155.0,53.0,65.0
RWQY84,pequeño,2.9,7722.0,33.0,18.0,13.0
5OKV4G,grande,23.53,474096.0,119.0,83.0,48.0
0VAROK,mediano,8.5,77952.0,48.0,58.0,28.0
B1NDLU,pequeño,4.29,6160.0,28.0,11.0,20.0
ZUU56S,mediano,8.2,27776.0,31.0,28.0,32.0
E4X2YC,grande,30.71,677705.0,119.0,67.0,85.0
3P6I89,grande,25.96,1013443.0,193.0,59.0,89.0
1P90P1,pequeño,0.53,2223.0,39.0,19.0,3.0
CFKVJO,grande,27.32,817344.0,129.0,72.0,88.0
ANRH62,mediano,11.5,86681.0,61.0,29.0,49.0
OE1FUU,mediano,14.29,53400.0,89.0,20.0,30.0
APB7L7,pequeño,1.99,8208.0,19.0,27.0,16.0
7FPGS4,pequeño,2.27,1656.0,24.0,23.0,3.0
FRPG7P,pequeño,3.81,21660.0,38.0,30.0,19.0
A2WUBT,mediano,6.17,91584.0,64.0,53.0,27.0
RDBH1Y,grande,40.5,244296.0,81.0,58.0,52.0
LD9BT6,pequeño,0.98,1152.0,18.0,16.0,4.0
CDM957,pequeño,0.79,2040.0,34.0,30.0,2.0
X94NWA,pequeño,3.24,2400.0,10.0,15.0,16.0
OYYCBG,pequeño,2.63,928.0,29.0,16.0,2.0
MY4MN2,mediano,8.12,87120.0,90.0,44.0,22.0
UNZVM7,mediano,7.36,45120.0,47.0,30.0,32.0
59L1UE,grande,22.0,546487.0,179.0,71.0,43.0
IPDXZ4,pequeño,2.94,5760.0,20.0,16.0,18.0
302HEJ,mediano,8.93,107616.0,38.0,59.0,48.0
P7QYJZ,pequeño,4.43,5440.0,20.0,16.0,17.0
6SPBZP,mediano,9.3,118370.0,89.0,38.0,35.0
FDO972,pequeño,4.15,2688.0,28.0,12.0,8.0
T97H62,mediano,15.27,53040.0,34.0,39.0,40.0
AJHYP4,pequeño,1.01,2142.0,14.0,17.0,9.0
F4C3AV,pequeño,2.99,3864.0,24.0,23.0,7.0
5EW1RI,grande,23.99,904800.0,145.0,78.0,80.0
7C65X8,grande,20.13,1488564.0,179.0,84.0,99.0
DFEMBY,grande,31.44,273319.0,83.0,89.0,37.0
Q32T62,pequeño,4.74,2240.0,35.0,16.0,4.0
LTUWQU,pequeño,1.74,5148.0,39.0,11.0,12.0
8IMJ1A,mediano,7.79,63488.0,62.0,32.0,32.0
7LUSZ1,pequeño,0.5,6118.0,23.0,19.0,14.0
F49T67,pequeño,4.11,3920.0,35.0,14.0,8.0
VIXBO9,pequeño,0.76,3040.0,19.0,10.0,16.0
Q9PY0P,grande,27.67,556574.0,191.0,62.0,47.0
L0SIHA,pequeño,4.19,5040.0,28.0,18.0,10.0
KOAPQS,mediano,18.19,44919.0,63.0,23.0,31.0
1QCSCR,grande,43.91,562331.0,109.0,67.0,77.0
9SLK2K,pequeño,3.68,3059.0,19.0,23.0,7.0
J5HK5E,pequeño,4.42,5852.0,22.0,14.0,19.0
NN27HV,pequeño,4.91,1224.0,36.0,17.0,2.0
51XMJ8,grande,29.9,848160.0,93.0,96.0,95.0
AHF6PB,mediano,5.37,147870.0,62.0,53.0,45.0
KJEOK3,grande,47.26,403845.0,109.0,57.0,65.0
VWOV4C,mediano,5.34,130036.0,59.0,58.0,38.0
V3TDGB,pequeño,2.84,5700.0,12.0,25.0,19.0
LNCD7K,pequeño,4.84,1368.0,19.0,24.0,3.0
TB13DJ,grande,21.2,645540.0,145.0,84.0,53.0
GGJGAI,grande,20.32,588126.0,154.0,67.0,57.0
NR1VGA,mediano,14.53,69120.0,40.0,54.0,32.0
PMEL6K,grande,29.18,590810.0,131.0,55.0,82.0
EMK6J7,grande,41.12,688817.0,193.0,83.0,43.0
5C93HI,grande,43.53,680400.0,189.0,50.0,72.0
HN5SFM,pequeño,2.38,3915.0,27.0,29.0,5.0
NGI106,pequeño,0.99,400.0,16.0,25.0,1.0
45M5IK,grande,31.24,1035010.0,145.0,83.0,86.0
SSCAWT,grande,20.89,1031940.0,189.0,78.0,70.0
Y4VH6V,grande,48.0,1061530.0,151.0,95.0,74.0
A39N8J,grande,23.57,420732.0,186.0,58.0,39.0
D4MMIU,mediano,15.12,59472.0,59.0,36.0,28.0
IAZYVQ,mediano,9.22,41470.0,55.0,26.0,29.0
1BWYFH,mediano,6.21,69513.0,47.0,51.0,29.0
KNQHTA,mediano,7.99,18270.0,42.0,29.0,15.0
F1P0PL,pequeño,2.23,12096.0,28.0,27.0,16.0
QGK8B0,pequeño,4.07,14450.0,34.0,25.0,17.0
VSLUPM,mediano,12.96,47432.0,77.0,56.0,11.0
WON9FA,pequeño,2.84,2040.0,20.0,17.0,6.0
CXVBFB,mediano,11.09,44160.0,80.0,46.0,12.0
0OM4BJ,mediano,18.83,29440.0,40.0,23.0,32.0
IP0MTJ,pequeño,0.84,736.0,23.0,16.0,2.0
JMGHN2,mediano,15.36,139104.0,92.0,42.0,36.0
CN9Z1E,grande,20.28,393624.0,168.0,71.0,33.0
QFQP1F,grande,36.27,513000.0,100.0,57.0,90.0
PGAJIB,mediano,12.7,88830.0,35.0,54.0,47.0
CWVAYV,mediano,12.12,149650.0,73.0,50.0,41.0
56K1NX,grande,37.94,589680.0,182.0,72.0,45.0
UUVYO0,grande,40.66,880380.0,180.0,67.0,73.0
HM76FE,grande,30.9,844800.0,128.0,75.0,88.0
15IANP,grande,23.12,428532.0,164.0,67.0,39.0
YN9MYR,grande,43.71,263120.0,92.0,65.0,44.0
G9K176,mediano,19.47,150960.0,68.0,60.0,37.0
9CLFT1,pequeño,4.66,2850.0,19.0,25.0,6.0
G1MKRP,pequeño,4.51,8800.0,40.0,20.0,11.0
QJRF94,pequeño,1.42,5250.0,15.0,25.0,14.0
67B63P,pequeño,1.85,1700.0,17.0,25.0,4.0
M2FN1W,mediano,12.02,59052.0,74.0,21.0,38.0
7BM7VH,pequeño,2.79,2835.0,15.0,27.0,7.0
2NKHVQ,grande,36.12,477900.0,90.0,59.0,90.0
P90D2A,mediano,14.36,63270.0,30.0,57.0,37.0
IS135Q,grande,23.31,831600.0,132.0,84.0,75.0
K8VQDK,mediano,6.89,12480.0,32.0,30.0,13.0
ZP2QRH,pequeño,3.26,2772.0,14.0,18.0,11.0
H1TNX0,grande,30.86,594220.0,148.0,73.0,55.0
SWYIOS,mediano,13.48,48840.0,55.0,37.0,24.0
AU88VJ,mediano,13.83,72240.0,40.0,43.0,42.0
DQOXED,pequeño,1.76,4200.0,35.0,12.0,10.0
06SBI1,pequeño,1.21,836.0,38.0,22.0,1.0
P5B49B,mediano,17.17,22800.0,38.0,30.0,20.0
VXXEQZ,pequeño,0.9,2376.0,33.0,18.0,4.0
DNETMZ,pequeño,0.64,10140.0,39.0,26.0,10.0
O51E0M,grande,22.55,650256.0,184.0,62.0,57.0
435GI6,pequeño,3.63,4125.0,25.0,15.0,11.0
OKTMDN,pequeño,4.84,1980.0,18.0,22.0,5.0
YUAOGS,mediano,16.18,102200.0,73.0,35.0,40.0
8U37IF,pequeño,0.79,3105.0,27.0,23.0,5.0
C5QX4R,grande,48.99,657360.0,80.0,99.0,83.0
TZ01Y2,pequeño,0.7,4901.0,29.0,13.0,13.0
3GMUXW,pequeño,4.14,2800.0,25.0,14.0,8.0
WWNIAE,grande,37.78,678132.0,138.0,54.0,91.0
C6S5VP,mediano,11.14,32340.0,55.0,42.0,14.0
AULTCE,grande,38.98,1265992.0,188.0,74.0,91.0
L425UW,pequeño,1.16,2704.0,26.0,26.0,4.0
2RB43B,mediano,15.92,49140.0,90.0,21.0,26.0
P4HUWG,pequeño,2.39,3375.0,25.0,27.0,5.0
GLVAH0,pequeño,1.75,1176.0,21.0,28.0,2.0
6IUKC5,pequeño,1.75,2800.0,25.0,28.0,4.0
1Y07VS,pequeño,3.26,1632.0,34.0,24.0,2.0
337XWF,grande,22.11,572032.0,109.0,64.0,82.0
UF1TZL,pequeño,4.68,1890.0,27.0,10.0,7.0
PCSRHR,mediano,10.07,45045.0,63.0,55.0,13.0
WIQCEH,mediano,11.74,62856.0,97.0,54.0,12.0
83CO3W,mediano,11.54,55575.0,39.0,57.0,25.0
4XECA0,grande,42.3,858000.0,176.0,75.0,65.0
0U2LJJ,grande,35.83,639860.0,107.0,65.0,92.0
VOYS0C,pequeño,1.66,5130.0,38.0,27.0,5.0
H0R2VW,grande,43.11,1053270.0,135.0,94.0,83.0
RFS3HR,grande,46.33,557700.0,130.0,65.0,66.0
6XNMSZ,pequeño,0.62,7770.0,37.0,21.0,10.0
G1MAJ8,pequeño,3.13,5280.0,24.0,11.0,20.0
C0JBWH,grande,31.09,1852690.0,199.0,98.0,95.0
R46VHL,mediano,8.92,22022.0,77.0,26.0,11.0
EYSYM0,pequeño,0.87,15120.0,30.0,28.0,18.0
ZE8DTL,pequeño,1.1,4140.0,12.0,23.0,15.0
2JZR6J,grande,34.51,691200.0,100.0,72.0,96.0
QBPH2H,pequeño,3.17,8192.0,32.0,16.0,16.0
FLSPB1,grande,45.46,386056.0,107.0,82.0,44.0
78YUJO,grande,48.97,1334736.0,184.0,78.0,93.0
XYPZSR,mediano,13.66,99960.0,68.0,35.0,42.0
V0TYQD,mediano,10.06,150930.0,65.0,54.0,43.0
9YZVRM,mediano,8.69,71668.0,41.0,46.0,38.0
7EBIEU,pequeño,4.44,3136.0,16.0,14.0,14.0
MVMT8K,pequeño,4.88,4320.0,36.0,24.0,5.0
MLC9RB,grande,44.1,356824.0,94.0,52.0,73.0
8TZAJ7,pequeño,4.05,4608.0,16.0,18.0,16.0
AJ9LRZ,pequeño,3.51,2400.0,32.0,25.0,3.0
U43A7W,mediano,13.11,61852.0,47.0,47.0,28.0
OL35BB,mediano,14.47,126592.0,92.0,32.0,43.0
601H8A,pequeño,4.37,1440.0,12.0,30.0,4.0
0YUVFR,grande,44.47,652536.0,171.0,72.0,53.0
4MILE5,pequeño,2.95,957.0,29.0,11.0,3.0
JGJCF1,mediano,8.97,37800.0,75.0,28.0,18.0
JABDZ8,grande,48.71,705600.0,175.0,72.0,56.0
BX90AI,pequeño,3.31,3300.0,15.0,20.0,11.0
OPY61C,grande,46.8,830029.0,199.0,97.0,43.0
0NOVX0,grande,20.3,1742400.0,176.0,99.0,100.0
RKKNLI,grande,42.58,386316.0,146.0,63.0,42.0
KXOX31,mediano,16.59,149520.0,89.0,48.0,35.0
QAIHSV,pequeño,1.48,2250.0,25.0,30.0,3.0
XFKAW5,mediano,15.25,100688.0,58.0,56.0,31.0
1LO887,grande,46.3,538109.0,143.0,71.0,53.0
JY7288,mediano,10.46,114816.0,46.0,52.0,48.0
OBC7E5,pequeño,1.27,2178.0,18.0,11.0,11.0
4YFFMD,mediano,18.64,46200.0,75.0,56.0,11.0
WE7I38,mediano,16.42,74400.0,60.0,31.0,40.0
0PGLSL,pequeño,1.79,5655.0,29.0,15.0,13.0
1WS7TB,mediano,19.26,42560.0,76.0,28.0,20.0
FD5F3E,grande,48.24,381024.0,147.0,72.0,36.0
Q9RAG1,grande,23.46,479655.0,165.0,57.0,51.0
BSZNTD,mediano,14.49,108624.0,73.0,31.0,48.0
G2MQ4V,mediano,17.14,79680.0,83.0,20.0,48.0
TKB70U,mediano,11.59,219300.0,86.0,51.0,50.0
2C4TMQ,pequeño,3.63,3240.0,18.0,15.0,12.0
LMLI24,pequeño,2.89,2100.0,35.0,12.0,5.0
ZQKCA8,pequeño,2.07,5460.0,30.0,26.0,7.0
9C01CM,pequeño,4.28,2691.0,39.0,23.0,3.0
3HBOYU,mediano,16.49,39360.0,82.0,48.0,10.0
OPO984,pequeño,1.41,1296.0,24.0,27.0,2.0
5FT0SA,mediano,14.93,136890.0,90.0,39.0,39.0
XALCXX,grande,39.71,1160672.0,184.0,76.0,83.0
0E7M3E,mediano,14.46,62744.0,62.0,23.0,44.0
0N1PK6,grande,43.73,626470.0,158.0,65.0,61.0
76P1DM,grande,29.11,1662309.0,193.0,99.0,87.0
Z7XUO5,grande,24.74,769405.0,95.0,91.0,89.0
QT1N80,pequeño,1.66,7308.0,29.0,21.0,12.0
QOR7KH,mediano,15.51,32640.0,60.0,34.0,16.0
XSM7WB,grande,42.65,507195.0,153.0,65.0,51.0
KXQZBH,mediano,16.2,129735.0,93.0,31.0,45.0
OJZYFS,pequeño,4.21,1056.0,16.0,11.0,6.0
9C21NA,grande,43.16,632016.0,132.0,57.0,84.0
GBQ0AB,grande,47.07,1228608.0,162.0,79.0,96.0
YG7GST,pequeño,1.54,1936.0,11.0,16.0,11.0
VZR6CT,grande,35.85,918456.0,154.0,71.0,84.0
NNVUQK,pequeño,4.97,3045.0,21.0,29.0,5.0
GNCG6B,grande,22.9,833120.0,127.0,80.0,82.0
5F7P3P,pequeño,2.27,13770.0,34.0,27.0,15.0
N8NY71,grande,49.94,464035.0,143.0,59.0,55.0
B00JK9,pequeño,4.82,2376.0,27.0,22.0,4.0
Z2H526,mediano,19.03,99640.0,40.0,53.0,47.0
03JPL0,pequeño,0.91,7098.0,26.0,21.0,13.0
WSBXUD,pequeño,2.46,12150.0,27.0,25.0,18.0
NYSEWA,grande,21.08,740156.0,127.0,94.0,62.0
6IXZA0,grande,36.16,495285.0,159.0,89.0,35.0
AP2ARU,pequeño,0.9,3456.0,32.0,18.0,6.0
EAOEEC,grande,23.77,723975.0,197.0,75.0,49.0
PMMUAW,grande,28.0,504504.0,147.0,52.0,66.0
0TQVY1,grande,40.78,848484.0,117.0,74.0,98.0
MEFNN4,mediano,17.79,31941.0,91.0,27.0,13.0
VFZXPR,mediano,15.76,131560.0,65.0,46.0,44.0
3DVL70,mediano,5.1,59024.0,56.0,34.0,31.0
48YE82,grande,27.18,458052.0,114.0,98.0,41.0
6BFQO4,pequeño,2.27,2450.0,25.0,14.0,7.0
M59NCA,pequeño,1.26,4536.0,18.0,14.0,18.0
PQQ19Z,pequeño,1.92,3276.0,13.0,21.0,12.0
T8HP5N,grande,46.01,846300.0,155.0,70.0,78.0
4QI871,grande,30.34,705600.0,180.0,70.0,56.0
043OAA,mediano,10.21,105600.0,88.0,30.0,40.0
UTQVFE,pequeño,2.77,6384.0,38.0,28.0,6.0
IGSKTO,mediano,12.4,103588.0,76.0,47.0,29.0
LZF5YG,grande,47.35,424536.0,114.0,76.0,49.0
GH4KW1,grande,43.2,1278225.0,195.0,69.0,95.0
XBET2Y,grande,28.95,667320.0,120.0,67.0,83.0
QA937H,pequeño,3.16,12495.0,35.0,21.0,17.0
NCG6UN,grande,40.7,829280.0,142.0,80.0,73.0
3HEGVY,pequeño,4.99,2080.0,16.0,26.0,5.0
WMZ9AV,mediano,19.15,35696.0,97.0,23.0,16.0
WBPZUJ,grande,46.29,908600.0,175.0,59.0,88.0
FQ1TSI,pequeño,5.0,7168.0,16.0,28.0,16.0
2PTTT2,pequeño,3.46,5382.0,23.0,18.0,13.0
UDM6D0,pequeño,1.93,2254.0,23.0,14.0,7.0
MCVWAO,pequeño,3.39,2850.0,30.0,19.0,5.0
LL6DP6,pequeño,1.81,3654.0,18.0,29.0,7.0
ARNWWK,mediano,8.36,23177.0,49.0,43.0,11.0
EPMFOL,pequeño,3.49,7722.0,33.0,13.0,18.0
F7N2HC,pequeño,4.78,15444.0,39.0,22.0,18.0
BVJBB3,mediano,11.81,68952.0,52.0,51.0,26.0
3J34CJ,pequeño,0.57,5400.0,20.0,18.0,15.0
OGQJZ9,grande,34.08,1055925.0,117.0,95.0,95.0
0C2EQO,pequeño,3.14,1015.0,35.0,29.0,1.0
B3DL4S,pequeño,0.84,6460.0,17.0,20.0,19.0
WTDB7Z,pequeño,1.71,5423.0,29.0,11.0,17.0
4G6V7X,grande,20.21,357840.0,84.0,71.0,60.0
602O2K,mediano,9.42,26334.0,57.0,33.0,14.0
L5SQ65,grande,30.23,503712.0,144.0,53.0,66.0
5WEA9G,pequeño,3.94,6384.0,12.0,28.0,19.0
JO1M5J,pequeño,4.72,1904.0,17.0,14.0,8.0
EO0RH9,grande,35.52,342144.0,162.0,64.0,33.0
RBIFEL,pequeño,1.98,2400.0,30.0,10.0,8.0
YM5NIK,pequeño,4.19,16128.0,32.0,28.0,18.0
MBSD35,pequeño,1.32,6612.0,29.0,12.0,19.0
ABBPEB,pequeño,4.5,2652.0,12.0,13.0,17.0
T6IOT7,grande,39.44,840336.0,168.0,61.0,82.0
9REXGC,mediano,15.97,103530.0,51.0,58.0,35.0
GEECGV,pequeño,2.8,7040.0,22.0,20.0,16.0
KDLJ78,pequeño,1.31,8398.0,34.0,19.0,13.0
4XGHQA,pequeño,1.5,11628.0,38.0,18.0,17.0
SWB3RL,pequeño,4.9,1320.0,24.0,11.0,5.0
D21Y90,mediano,5.57,53580.0,47.0,30.0,38.0
VGD463,mediano,19.03,60750.0,81.0,25.0,30.0
PGXBIH,pequeño,1.84,9984.0,32.0,26.0,12.0
34Y6TY,mediano,7.88,85312.0,64.0,43.0,31.0
AB4LJC,mediano,13.01,164160.0,96.0,45.0,38.0
IHC7Y8,grande,32.62,891072.0,144.0,68.0,91.0
K9TH8M,mediano,14.27,48950.0,89.0,22.0,25.0
LA1N43,grande,23.77,376320.0,120.0,98.0,32.0
R043FE,grande,41.27,316008.0,133.0,66.0,36.0
6WVDFQ,pequeño,4.39,6720.0,32.0,15.0,14.0
PCDKG6,grande,39.76,950974.0,181.0,71.0,74.0
8D22OF,pequeño,1.4,3094.0,13.0,14.0,17.0
37X98J,mediano,8.14,128064.0,48.0,58.0,46.0
GY30MB,mediano,16.17,47952.0,72.0,37.0,18.0
PSS22N,mediano,15.97,33048.0,68.0,27.0,18.0
5ULTRE,pequeño,1.92,4732.0,28.0,13.0,13.0
EMU5YL,pequeño,2.06,3432.0,26.0,11.0,12.0
JG3QLD,mediano,16.79,93024.0,68.0,38.0,36.0
NI6XRQ,grande,34.3,674429.0,161.0,59.0,71.0
Y488SY,pequeño,2.19,4092.0,31.0,22.0,6.0
HPT6U8,mediano,9.43,57420.0,55.0,58.0,18.0
AT8129,pequeño,1.43,16416.0,32.0,27.0,19.0
17TDHC,mediano,18.26,36192.0,96.0,29.0,13.0
IM6U26,mediano,12.55,35640.0,66.0,30.0,18.0
G4GMA8,pequeño,2.88,6048.0,27.0,28.0,8.0
91KG7K,mediano,12.0,117920.0,67.0,40.0,44.0
13I822,pequeño,2.51,5100.0,20.0,17.0,15.0
WHO0Y8,mediano,14.67,61732.0,61.0,22.0,46.0
WTHELI,grande,21.38,662480.0,196.0,65.0,52.0
2D2L28,grande,24.98,527505.0,139.0,69.0,55.0
A23ZJ0,grande,45.16,733236.0,147.0,86.0,58.0
H49SEM,pequeño,2.46,4480.0,40.0,16.0,7.0
QF1RME,pequeño,4.18,6072.0,33.0,23.0,8.0
S4USP1,pequeño,2.98,3168.0,24.0,12.0,11.0
DXVYWH,pequeño,1.75,4320.0,18.0,12.0,20.0
2SQZVY,pequeño,4.09,1440.0,12.0,20.0,6.0
KR3GOA,pequeño,4.82,5168.0,17.0,19.0,16.0
COYRQ7,mediano,18.86,76544.0,64.0,52.0,23.0
RO30OH,mediano,19.46,118300.0,91.0,50.0,26.0
HAQXTC,pequeño,1.5,1400.0,14.0,20.0,5.0
KXMN24,grande,31.93,917670.0,181.0,78.0,65.0
0IBW7A,mediano,13.18,100548.0,98.0,27.0,38.0
RTP469,grande,46.86,993300.0,129.0,100.0,77.0
KQ7JU7,pequeño,0.56,1320.0,15.0,22.0,4.0
GPBUKO,pequeño,4.32,3220.0,28.0,23.0,5.0
EUKTHP,pequeño,4.3,2052.0,38.0,27.0,2.0
OGLQ5B,grande,25.02,1129128.0,182.0,94.0,66.0
65IG7O,mediano,19.93,124362.0,63.0,47.0,42.0
4YOZMK,pequeño,0.62,3132.0,29.0,18.0,6.0
2TCJA5,pequeño,3.01,5440.0,16.0,20.0,17.0
PXQ6LZ,grande,45.96,1521888.0,191.0,96.0,83.0
3TW610,mediano,12.24,48438.0,46.0,39.0,27.0
P0DT24,pequeño,2.96,4900.0,28.0,25.0,7.0
9FT3QB,grande,26.72,579768.0,98.0,87.0,68.0
JEAX1E,pequeño,1.32,1674.0,31.0,18.0,3.0
VIPRT0,pequeño,3.28,1690.0,26.0,13.0,5.0
C1VX37,pequeño,4.13,2550.0,17.0,10.0,15.0
4RM6ER,grande,30.49,332694.0,101.0,61.0,54.0
JPH7XK,grande,46.83,311100.0,150.0,61.0,34.0
H961FN,mediano,9.02,110704.0,88.0,37.0,34.0
CBKKAO,pequeño,0.66,4104.0,38.0,27.0,4.0
WKMZCU,pequeño,3.21,8640.0,27.0,16.0,20.0
C52YU5,pequeño,3.24,3040.0,32.0,19.0,5.0
5XKQPH,pequeño,3.42,960.0,32.0,15.0,2.0
CYFQAS,mediano,18.65,153120.0,66.0,58.0,40.0
IO8ZUS,mediano,17.05,57564.0,54.0,41.0,26.0
JX46OZ,mediano,9.43,51840.0,32.0,36.0,45.0
XK112L,grande,41.84,235980.0,115.0,57.0,36.0
HXSTK9,pequeño,1.96,3136.0,32.0,14.0,7.0
P7KI4K,grande,39.25,733044.0,127.0,74.0,78.0
E7WJNF,mediano,7.49,53724.0,44.0,33.0,37.0
Q3G0N3,mediano,8.07,42330.0,83.0,30.0,17.0
8FSCPE,mediano,17.2,149940.0,85.0,36.0,49.0
KRVEJV,mediano,15.07,90402.0,61.0,39.0,38.0
42LYFR,grande,41.19,540540.0,84.0,65.0,99.0
POO93Q,pequeño,1.26,8778.0,21.0,22.0,19.0
34GXYB,grande,26.94,337280.0,136.0,80.0,31.0
W4MLN8,pequeño,4.25,3300.0,11.0,15.0,20.0
TA0DC1,grande,38.31,1157016.0,142.0,84.0,97.0
B0Z2RT,grande,33.58,619520.0,121.0,80.0,64.0
F1II91,mediano,12.19,73100.0,34.0,50.0,43.0
27GIUX,grande,29.91,1002450.0,163.0,75.0,82.0
Q34YU9,mediano,18.06,134946.0,81.0,49.0,34.0
SNUCP1,grande,44.38,547155.0,193.0,81.0,35.0
9C71II,mediano,14.16,81282.0,57.0,31.0,46.0
Y4UP9I,pequeño,3.77,3600.0,16.0,15.0,15.0
N6LWIO,mediano,10.39,25520.0,40.0,29.0,22.0
QELV4Z,pequeño,1.51,9724.0,22.0,26.0,17.0
6CDX8J,pequeño,1.23,11856.0,38.0,24.0,13.0
BAADX8,mediano,11.08,74431.0,49.0,31.0,49.0
5LPQVV,mediano,16.58,44688.0,48.0,49.0,19.0
Y17RMU,mediano,13.19,77976.0,76.0,54.0,19.0
EHTISZ,pequeño,4.79,2552.0,11.0,29.0,8.0
W76X1M,grande,29.09,909580.0,140.0,89.0,73.0
ZFCZ5G,pequeño,1.29,5148.0,33.0,12.0,13.0
7U39FA,pequeño,2.1,4845.0,17.0,19.0,15.0
3HQRYG,grande,28.66,656208.0,126.0,62.0,84.0
K99Y6T,mediano,19.53,69768.0,68.0,38.0,27.0
NB5KFI,mediano,13.72,84672.0,84.0,21.0,48.0
KKAZPD,grande,28.94,652365.0,109.0,95.0,63.0
GZSNR8,pequeño,4.07,3360.0,40.0,14.0,6.0
LH9NJA,pequeño,1.16,3276.0,36.0,13.0,7.0
NCTRFY,pequeño,2.71,6210.0,27.0,23.0,10.0
HC86TW,pequeño,3.47,2052.0,19.0,12.0,9.0
3KX0GS,mediano,11.55,14976.0,52.0,24.0,12.0
ZJTXF4,pequeño,3.46,11900.0,34.0,25.0,14.0
51O04F,pequeño,2.85,12960.0,40.0,18.0,18.0
PCKEI0,pequeño,2.21,4416.0,23.0,24.0,8.0
OIWNG4,pequeño,2.51,1748.0,19.0,23.0,4.0
T4B3WN,pequeño,4.14,2160.0,16.0,27.0,5.0
JEDD3E,pequeño,2.71,3240.0,27.0,12.0,10.0
ZDDURS,mediano,5.86,136242.0,81.0,58.0,29.0
03FM07,grande,34.51,1146320.0,140.0,92.0,89.0
9Z9YAI,pequeño,4.14,19152.0,36.0,28.0,19.0
4LNXQY,mediano,18.07,134640.0,85.0,36.0,44.0
G6LKAV,grande,22.18,668736.0,144.0,86.0,54.0
2QY8JW,grande,41.54,525816.0,109.0,72.0,67.0
3C4VZS,grande,27.12,695640.0,136.0,93.0,55.0
2FWHJL,grande,25.44,836352.0,198.0,96.0,44.0
BJ9J5Z,mediano,15.54,75768.0,66.0,28.0,41.0
OSN0ZG,mediano,17.98,27216.0,42.0,24.0,27.0
9HJ3VY,pequeño,1.82,7293.0,39.0,11.0,17.0
HDEEIR,pequeño,1.89,5481.0,29.0,27.0,7.0
9G86ZV,pequeño,4.85,2240.0,20.0,28.0,4.0
XHS3BW,mediano,5.87,40460.0,34.0,34.0,35.0
L3VEQ4,grande,42.46,348480.0,160.0,66.0,33.0
Z7S2WX,pequeño,2.1,2405.0,37.0,13.0,5.0
5XLWU5,grande,33.02,354148.0,86.0,58.0,71.0
3BHO8H,mediano,6.24,12300.0,41.0,25.0,12.0
2VYJW4,pequeño,2.16,7410.0,38.0,13.0,15.0
A5XWHB,pequeño,1.98,9720.0,18.0,27.0,20.0
6K80SW,mediano,9.57,50922.0,54.0,23.0,41.0
F4KLDX,grande,42.37,347612.0,94.0,86.0,43.0
P3P9ZI,pequeño,1.8,5850.0,26.0,15.0,15.0
MJ09FE,pequeño,4.72,9720.0,30.0,27.0,12.0
V4KEJ9,mediano,14.41,38628.0,36.0,37.0,29.0
R3FPHF,mediano,6.37,27202.0,67.0,29.0,14.0
OHA5O4,pequeño,2.52,3744.0,26.0,12.0,12.0
XG8G4P,pequeño,0.57,5984.0,32.0,11.0,17.0
IM8FC8,pequeño,2.31,6380.0,22.0,29.0,10.0
0UHA47,pequeño,4.0,1755.0,13.0,27.0,5.0
APHQQD,grande,44.92,512050.0,98.0,95.0,55.0
8566XS,grande,31.77,961155.0,159.0,65.0,93.0
D65247,pequeño,2.87,3696.0,22.0,28.0,6.0
O3UKD7,mediano,17.02,158424.0,84.0,41.0,46.0
4JCAYQ,mediano,19.1,46800.0,60.0,26.0,30.0
YCBEHI,pequeño,0.73,10530.0,39.0,30.0,9.0
OALGBH,pequeño,3.71,8400.0,35.0,24.0,10.0
PIE1LF,pequeño,4.88,600.0,10.0,15.0,4.0
N3QFAA,grande,22.63,365435.0,197.0,53.0,35.0
THK7EJ,grande,49.55,555440.0,131.0,80.0,53.0
9VGM47,grande,22.52,364124.0,146.0,58.0,43.0
L4VJNL,pequeño,2.43,4455.0,33.0,27.0,5.0
WPPBRL,pequeño,3.2,6048.0,28.0,12.0,18.0
YCQGU2,mediano,10.32,32338.0,37.0,46.0,19.0
Z7UQLO,grande,38.29,392000.0,112.0,70.0,50.0
RNUXGZ,grande,35.55,745200.0,108.0,75.0,92.0
K6YD4Q,pequeño,1.3,578.0,34.0,17.0,1.0
7T9TJD,pequeño,2.3,3456.0,16.0,27.0,8.0
PXRVHP,pequeño,4.13,1260.0,15.0,12.0,7.0
G0H7N3,mediano,6.95,67932.0,37.0,54.0,34.0
W16A3O,grande,31.05,1122816.0,172.0,68.0,96.0
MKGD5H,pequeño,0.53,6864.0,39.0,22.0,8.0
E01P18,grande,30.56,1108380.0,145.0,98.0,78.0
T1L8WZ,pequeño,1.99,11913.0,33.0,19.0,19.0
UVY3EV,pequeño,3.72,6426.0,14.0,27.0,17.0
C3OBB0,mediano,13.46,21060.0,60.0,27.0,13.0
N9WPUT,pequeño,1.61,1296.0,12.0,12.0,9.0
YVPIHG,mediano,12.57,107712.0,88.0,36.0,34.0
22PSDV,pequeño,4.28,3420.0,36.0,19.0,5.0
JOVT52,pequeño,1.55,1368.0,19.0,12.0,6.0
YCFX3W,grande,38.43,630850.0,185.0,55.0,62.0
JDK55D,pequeño,0.73,1632.0,12.0,17.0,8.0
O1G6FK,mediano,10.05,24975.0,37.0,25.0,27.0
QCUD49,mediano,17.99,61557.0,71.0,51.0,17.0
DP9SI8,pequeño,2.2,9360.0,39.0,16.0,15.0
AIDPYJ,mediano,14.7,168168.0,98.0,52.0,33.0
4CJH37,mediano,7.47,76176.0,69.0,46.0,24.0
EANQRK,pequeño,3.36,2500.0,25.0,10.0,10.0
FA60JY,pequeño,3.07,1404.0,27.0,13.0,4.0
QNXQ8P,grande,43.04,698490.0,199.0,78.0,45.0
5W4BYT,pequeño,2.85,2394.0,19.0,18.0,7.0
ACKPXF,pequeño,1.35,5005.0,35.0,11.0,13.0
JXWSHA,mediano,10.6,15015.0,33.0,35.0,13.0
AO4YOU,mediano,14.23,83520.0,32.0,58.0,45.0
65G0RM,mediano,9.49,108300.0,100.0,57.0,19.0
FI7HED,pequeño,1.5,2520.0,30.0,14.0,6.0
3EEH3R,mediano,9.14,146432.0,64.0,52.0,44.0
6JXC7Y,mediano,6.06,71638.0,86.0,49.0,17.0
H4ZTQ9,mediano,13.45,50094.0,46.0,33.0,33.0
6HI71T,grande,21.41,1438100.0,197.0,73.0,100.0
K35W6L,pequeño,1.56,8424.0,24.0,27.0,13.0
NTW9VY,pequeño,3.74,3168.0,11.0,18.0,16.0
DXF5QQ,mediano,19.36,91728.0,48.0,39.0,49.0
6SG4EY,pequeño,3.29,650.0,25.0,26.0,1.0
299XD7,grande,31.89,567420.0,193.0,60.0,49.0
Z8Y7IO,pequeño,3.98,2496.0,16.0,12.0,13.0
MWNLOY,mediano,5.94,25346.0,38.0,23.0,29.0
26OBBR,pequeño,1.77,4620.0,11.0,28.0,15.0
I4SOFQ,pequeño,1.95,5984.0,16.0,22.0,17.0
5X0CGJ,pequeño,3.24,12768.0,24.0,28.0,19.0
9FVYI1,pequeño,3.2,1650.0,15.0,10.0,11.0
DMP19J,pequeño,3.35,4200.0,25.0,28.0,6.0
MSVXRK,grande,30.24,974592.0,108.0,96.0,94.0
VCHZJR,pequeño,1.93,5400.0,30.0,12.0,15.0
MRWMO5,mediano,11.26,64239.0,57.0,23.0,49.0
YD3454,pequeño,2.23,5880.0,35.0,24.0,7.0
4843L7,pequeño,2.48,5434.0,38.0,13.0,11.0
NTABMX,mediano,9.66,31293.0,61.0,27.0,19.0
9WL2JM,mediano,11.48,79560.0,52.0,45.0,34.0
JL8EVK,pequeño,1.23,7560.0,20.0,21.0,18.0
HRT606,grande,33.09,657176.0,142.0,89.0,52.0
5JM9Y5,mediano,16.53,83160.0,70.0,33.0,36.0
5F7S1Y,pequeño,1.88,1400.0,35.0,20.0,2.0
WOQJBY,mediano,16.87,27360.0,38.0,36.0,20.0
XJSYF8,grande,21.14,1159152.0,164.0,76.0,93.0
2Q1WGJ,pequeño,4.48,22400.0,40.0,28.0,20.0
9LL37T,mediano,5.3,138966.0,69.0,53.0,38.0
8RWIM0,mediano,18.4,27880.0,34.0,41.0,20.0
PBWG13,pequeño,4.97,7410.0,30.0,13.0,19.0
P6ZVVY,pequeño,5.0,2750.0,25.0,22.0,5.0
BHVD72,pequeño,3.56,1190.0,35.0,17.0,2.0
EUY87T,pequeño,2.31,1452.0,33.0,11.0,4.0
81JMMI,grande,22.84,295812.0,81.0,83.0,44.0
0UBFRV,pequeño,3.65,1188.0,33.0,12.0,3.0
UIFWNC,mediano,7.93,20100.0,67.0,25.0,12.0
IWFUMM,grande,44.81,509444.0,101.0,52.0,97.0
VVQ5FD,grande,35.45,1104840.0,180.0,62.0,99.0
FJB97B,pequeño,4.51,12312.0,36.0,19.0,18.0
CTS1NT,pequeño,2.05,3024.0,18.0,28.0,6.0
SQUZL7,mediano,10.86,110592.0,96.0,48.0,24.0
I719MK,pequeño,3.75,9450.0,35.0,18.0,15.0
TCDATK,mediano,7.31,71136.0,57.0,52.0,24.0
J9ETM0,pequeño,0.7,1620.0,12.0,15.0,9.0
I0QQ1N,pequeño,4.59,9216.0,36.0,16.0,16.0
08ZTJ8,mediano,13.6,28314.0,33.0,22.0,39.0
2IV2ZB,mediano,15.5,63063.0,33.0,49.0,39.0
BOFLWJ,mediano,5.43,33275.0,55.0,55.0,11.0
XM0OUE,mediano,7.37,122012.0,94.0,59.0,22.0
BL73F2,pequeño,0.64,1080.0,20.0,27.0,2.0
TRWYVE,pequeño,4.62,3240.0,20.0,27.0,6.0
CDUQHU,pequeño,2.52,7344.0,34.0,18.0,12.0
SOVL2H,pequeño,4.81,1638.0,18.0,13.0,7.0
1T7GRS,pequeño,3.31,3596.0,31.0,29.0,4.0
9BH0EX,grande,35.53,539110.0,143.0,58.0,65.0
7U3YCI,pequeño,3.39,2145.0,11.0,13.0,15.0
LXB1SQ,pequeño,4.15,3240.0,15.0,27.0,8.0
XBQRG4,mediano,10.49,100800.0,90.0,40.0,28.0
4GPIPB,mediano,6.93,101640.0,77.0,55.0,24.0
E7F8UW,mediano,10.44,43384.0,34.0,58.0,22.0
IG8EX2,pequeño,4.55,2299.0,19.0,11.0,11.0
GIOAT6,mediano,11.71,57876.0,39.0,53.0,28.0
F0NU1R,mediano,7.54,43472.0,76.0,26.0,22.0
8G6I4M,pequeño,2.64,2898.0,14.0,23.0,9.0
X7V4WL,grande,23.08,590436.0,154.0,71.0,54.0
DURMW3,grande,37.37,369706.0,178.0,67.0,31.0
64JLKP,grande,46.12,577530.0,115.0,62.0,81.0
ZBXSO7,pequeño,3.25,8265.0,29.0,19.0,15.0
MOLBA3,pequeño,1.05,572.0,11.0,26.0,2.0
BY6E97,mediano,15.73,51911.0,61.0,37.0,23.0
SUYNVU,pequeño,4.93,4704.0,21.0,28.0,8.0
W5K1QZ,mediano,6.68,82212.0,51.0,52.0,31.0
IGS8TI,grande,21.66,657510.0,101.0,70.0,93.0
7CCRBI,mediano,16.41,72540.0,39.0,60.0,31.0
EQD4SC,pequeño,4.16,5168.0,19.0,17.0,16.0
P5OB9W,mediano,17.4,97200.0,50.0,54.0,36.0
PWVAPY,grande,38.03,429792.0,88.0,66.0,74.0
WV5GPG,grande,34.35,486000.0,90.0,75.0,72.0
SQY73P,mediano,18.51,48195.0,35.0,51.0,27.0
XHH1IP,grande,33.33,329560.0,107.0,56.0,55.0
7T2GX8,pequeño,0.88,5746.0,26.0,13.0,17.0
1MDBVL,pequeño,4.44,10200.0,34.0,20.0,15.0
KFWL15,mediano,10.94,34560.0,72.0,40.0,12.0
65HOV7,grande,40.37,916320.0,166.0,80.0,69.0
CEL4OY,mediano,10.98,230666.0,97.0,58.0,41.0
PINDLH,grande,37.61,788880.0,173.0,95.0,48.0
8FP36J,mediano,11.13,172634.0,77.0,59.0,38.0
IGZVKZ,grande,41.0,266112.0,112.0,72.0,33.0
JS7BWW,pequeño,3.75,12600.0,35.0,18.0,20.0
C7ZYP5,pequeño,3.31,11900.0,25.0,28.0,17.0
6XLLMF,grande,33.48,481558.0,118.0,53.0,77.0
VCZ7OT,grande,37.34,674082.0,171.0,73.0,54.0
0TNUOK,grande,30.79,592911.0,113.0,53.0,99.0
GOVLY7,grande,38.32,1224916.0,164.0,77.0,97.0
646HAY,pequeño,1.21,6160.0,28.0,20.0,11.0
1JSQ4P,grande,23.92,344650.0,113.0,61.0,50.0
GGI3HU,pequeño,3.51,3456.0,16.0,27.0,8.0
3QI0SX,mediano,19.27,53690.0,59.0,35.0,26.0
LHO557,grande,23.81,508544.0,137.0,64.0,58.0
9MKG16,pequeño,1.6,4200.0,30.0,10.0,14.0
PLCYEP,grande,21.06,531960.0,110.0,52.0,93.0
HT0FGZ,mediano,13.32,73745.0,49.0,35.0,43.0
T3PXMN,mediano,19.01,40896.0,71.0,32.0,18.0
VY2YPE,pequeño,2.98,8568.0,17.0,28.0,18.0
2O3OAR,grande,25.07,306612.0,167.0,54.0,34.0
TKMA4B,pequeño,2.75,10584.0,21.0,28.0,18.0
F7JBH3,grande,44.64,429408.0,84.0,72.0,71.0
HPBQ6N,mediano,16.2,161568.0,99.0,48.0,34.0
6KDTZM,mediano,15.46,17600.0,50.0,22.0,16.0
VCNF5I,grande,28.86,441408.0,132.0,76.0,44.0
8BADI6,grande,20.64,553410.0,129.0,65.0,66.0
YAWZNL,pequeño,3.6,3848.0,37.0,26.0,4.0
DM0O91,grande,48.86,493830.0,177.0,62.0,45.0
QYYYRU,mediano,5.93,60639.0,51.0,29.0,41.0
ZI7Y75,pequeño,4.1,4352.0,34.0,16.0,8.0
UZMESL,mediano,19.22,81972.0,69.0,54.0,22.0
DF2ZEZ,pequeño,1.68,5589.0,23.0,27.0,9.0
3Z6MRX,pequeño,4.8,2940.0,10.0,21.0,14.0
2CQKUP,mediano,12.26,34510.0,35.0,34.0,29.0
XO7XB9,pequeño,4.08,6670.0,29.0,23.0,10.0
DP27YQ,grande,28.96,840214.0,142.0,97.0,61.0
E1OGEZ,grande,35.54,772200.0,165.0,60.0,78.0
EU8IIE,mediano,15.52,140400.0,78.0,60.0,30.0
NLRYG5,grande,34.71,373644.0,107.0,97.0,36.0
4EKYIR,grande,33.51,614323.0,173.0,67.0,53.0
75SGMI,pequeño,1.18,2352.0,14.0,14.0,12.0
RWRVJW,grande,41.66,466560.0,90.0,64.0,81.0
J73ANS,pequeño,3.52,1860.0,31.0,12.0,5.0
36NWT4,grande,41.82,562302.0,162.0,89.0,39.0
N9QGO8,pequeño,4.69,2040.0,15.0,17.0,8.0
HCVZOB,mediano,16.93,32760.0,39.0,40.0,21.0
EZE3TA,grande,45.05,971376.0,168.0,59.0,98.0
1U49SE,grande,23.11,471240.0,170.0,84.0,33.0
JWSOPL,mediano,15.97,40326.0,47.0,39.0,22.0
FO0L8Y,grande,30.89,497800.0,131.0,50.0,76.0
XF1ZB0,grande,23.88,460788.0,129.0,76.0,47.0
YG7I9Q,pequeño,1.97,3564.0,22.0,27.0,6.0
HMXG79,mediano,9.51,116550.0,70.0,37.0,45.0
8KXR8O,grande,36.65,583416.0,111.0,72.0,73.0
K2M1FO,grande,47.97,906528.0,168.0,71.0,76.0
7PXLPY,grande,38.28,577254.0,89.0,94.0,69.0
NGVQIU,grande,29.82,873180.0,154.0,70.0,81.0
M58SP4,pequeño,1.02,4620.0,33.0,10.0,14.0
ZZWMVO,mediano,7.27,209715.0,93.0,55.0,41.0
74DLWM,grande,38.02,1460340.0,183.0,95.0,84.0
FPJIH8,pequeño,4.46,11988.0,37.0,18.0,18.0
DUEJY7,grande,41.79,689040.0,90.0,88.0,87.0
M7K8K7,pequeño,1.18,1920.0,16.0,15.0,8.0
T9ZVBE,pequeño,0.65,8750.0,25.0,25.0,14.0
7ON034,mediano,6.86,137350.0,67.0,50.0,41.0
BD70N0,pequeño,3.93,2880.0,20.0,16.0,9.0
NYTNE4,grande,38.88,687645.0,185.0,63.0,59.0
ECAPJC,mediano,17.42,36456.0,56.0,21.0,31.0
YX7JKC,grande,28.57,542918.0,107.0,59.0,86.0
W8YN6O,mediano,8.72,72800.0,91.0,50.0,16.0
J6UEM6,mediano,11.18,92988.0,82.0,54.0,21.0
DOQLP9,pequeño,2.78,5016.0,38.0,22.0,6.0
Y8R701,mediano,17.7,37840.0,80.0,43.0,11.0
FXOQ4S,pequeño,0.66,5060.0,11.0,23.0,20.0
NLISST,pequeño,3.76,3564.0,12.0,27.0,11.0
HM3TK3,mediano,7.85,104625.0,93.0,45.0,25.0
MTDU1I,mediano,14.56,68040.0,90.0,42.0,18.0
HZHVKN,mediano,18.88,66462.0,33.0,53.0,38.0
DM2U99,pequeño,0.95,1386.0,33.0,14.0,3.0
TIWS01,mediano,17.61,49504.0,91.0,32.0,17.0
TEY99S,pequeño,4.2,6435.0,33.0,15.0,13.0
986ALS,pequeño,1.41,2112.0,32.0,22.0,3.0
F6BNXU,grande,20.13,947520.0,141.0,84.0,80.0
5SC6SP,grande,20.15,522123.0,161.0,69.0,47.0
36QIXH,grande,28.0,381248.0,161.0,74.0,32.0
IF49SY,pequeño,3.45,3724.0,19.0,14.0,14.0
5VMJRS,mediano,10.28,64152.0,66.0,36.0,27.0
SUHM0V,pequeño,3.19,4284.0,21.0,12.0,17.0
UQ9IZS,grande,29.12,697164.0,109.0,82.0,78.0
LXABHN,mediano,14.88,96330.0,95.0,26.0,39.0
6YWNEC,mediano,5.79,235705.0,85.0,59.0,47.0
G42N57,mediano,5.84,61488.0,61.0,48.0,21.0
SK0TZZ,mediano,8.57,126720.0,88.0,32.0,45.0
N4CECC,pequeño,3.78,5400.0,36.0,15.0,10.0
K5YCZL,mediano,18.83,83160.0,77.0,24.0,45.0
6S6U1H,grande,32.82,321708.0,102.0,83.0,38.0
MI8NJZ,pequeño,2.37,2030.0,29.0,14.0,5.0
22BXMD,grande,45.06,1019350.0,145.0,74.0,95.0
3Y6D85,grande,31.46,444444.0,182.0,66.0,37.0
2D8JOU,mediano,12.37,67320.0,60.0,34.0,33.0
JIP3DT,mediano,10.52,52275.0,85.0,41.0,15.0
2IIL93,pequeño,0.74,3040.0,19.0,16.0,10.0
UK04EW,pequeño,4.53,1482.0,26.0,19.0,3.0
81Q97W,grande,32.56,841650.0,181.0,50.0,93.0
KOW7KJ,pequeño,0.98,8658.0,37.0,13.0,18.0
EEULGZ,pequeño,2.17,1232.0,14.0,11.0,8.0
FN2A35,mediano,12.66,120640.0,52.0,58.0,40.0
BHXFH5,pequeño,1.42,5642.0,31.0,14.0,13.0
QMNXMG,pequeño,0.79,2816.0,32.0,11.0,8.0
RCNKVJ,pequeño,0.78,2304.0,24.0,24.0,4.0
15WFMR,pequeño,1.84,5472.0,38.0,18.0,8.0
EUWKH7,pequeño,2.72,7056.0,21.0,24.0,14.0
XE4082,mediano,18.19,44044.0,77.0,26.0,22.0
O6LU4X,grande,38.32,628524.0,153.0,79.0,52.0
ZDZS8K,pequeño,0.74,2520.0,14.0,18.0,10.0
3THQMS,mediano,9.27,40500.0,75.0,36.0,15.0
13BNQY,mediano,17.7,47250.0,54.0,25.0,35.0
5UI99G,pequeño,3.15,14700.0,35.0,21.0,20.0
NW2ZMH,pequeño,3.48,4992.0,12.0,26.0,16.0
YB3EHI,pequeño,4.12,5780.0,34.0,10.0,17.0
2VM79L,pequeño,4.5,8712.0,36.0,22.0,11.0
ZHX6IM,pequeño,3.75,1800.0,30.0,10.0,6.0
ORVS8J,mediano,14.58,51480.0,39.0,33.0,40.0
FIPX9J,pequeño,2.35,1071.0,21.0,17.0,3.0
NH249R,grande,31.84,638260.0,194.0,70.0,47.0
ZT6O49,mediano,11.23,93492.0,63.0,53.0,28.0
58GVQC,pequeño,0.78,2916.0,27.0,18.0,6.0
3U5ZJ9,mediano,7.6,70950.0,66.0,43.0,25.0
FU52HQ,mediano,15.75,27846.0,51.0,39.0,14.0
6S9GOQ,grande,20.79,529760.0,112.0,86.0,55.0
HXKZ54,mediano,17.97,50912.0,32.0,37.0,43.0
ZXW9KL,pequeño,3.69,5440.0,17.0,20.0,16.0
AFFWQX,pequeño,4.76,9234.0,27.0,19.0,18.0
PAK8GI,mediano,10.42,51428.0,86.0,46.0,13.0
TN6VJ2,grande,40.45,423936.0,144.0,64.0,46.0
IKDOEA,grande,38.01,432494.0,107.0,94.0,43.0
F6THL3,pequeño,2.19,7980.0,20.0,21.0,19.0
5LQHDG,mediano,10.85,83790.0,42.0,57.0,35.0
U9UZ3A,pequeño,2.02,3861.0,27.0,11.0,13.0
ZQQ678,grande,49.97,791802.0,129.0,66.0,93.0
RXHBBH,mediano,16.7,49020.0,30.0,38.0,43.0
FXATEJ,pequeño,3.48,1152.0,16.0,18.0,4.0
6JWQXH,pequeño,1.75,5040.0,21.0,15.0,16.0
8AXBAA,pequeño,3.47,1428.0,17.0,12.0,7.0
ZL5N4W,grande,38.75,636000.0,150.0,53.0,80.0
AG3SPS,mediano,18.68,48546.0,58.0,31.0,27.0
8E1BB3,pequeño,1.41,2139.0,31.0,23.0,3.0
0WWZWS,pequeño,4.94,1200.0,20.0,12.0,5.0
OG845C,grande,48.23,555210.0,199.0,62.0,45.0
XCHGOM,grande,38.8,579360.0,85.0,96.0,71.0
HRRX84,pequeño,0.75,6600.0,25.0,22.0,12.0
K3BPH6,pequeño,0.7,5148.0,13.0,22.0,18.0
L1YEA3,pequeño,1.24,7733.0,37.0,11.0,19.0
T7N5B9,grande,39.89,836640.0,166.0,80.0,63.0
WER71A,grande,37.97,280488.0,156.0,58.0,31.0
7ZI52H,pequeño,2.63,3584.0,16.0,14.0,16.0
5CPLE6,mediano,18.1,114304.0,76.0,32.0,47.0
YVD2QI,pequeño,4.79,6000.0,40.0,25.0,6.0
IT0U0F,grande,41.4,378148.0,83.0,67.0,68.0
Z0MBC9,pequeño,2.36,14326.0,26.0,29.0,19.0
LWWUHR,mediano,6.81,61920.0,43.0,36.0,40.0
Y3KGN5,pequeño,4.5,6600.0,33.0,20.0,10.0
HAFM2Q,grande,29.46,178808.0,103.0,56.0,31.0
0M8JH2,grande,29.39,446688.0,94.0,99.0,48.0
7IQT67,grande,42.5,487296.0,128.0,81.0,47.0
GGMHAY,pequeño,2.13,4640.0,32.0,29.0,5.0
3RKAV4,pequeño,3.31,1183.0,13.0,13.0,7.0
SN3PR0,mediano,5.49,64220.0,65.0,38.0,26.0
8UUSU6,pequeño,4.66,7448.0,38.0,14.0,14.0
WZC3XU,grande,46.38,406952.0,182.0,52.0,43.0
J5HVKW,grande,32.22,1235250.0,183.0,75.0,90.0
10XX90,mediano,19.63,28560.0,68.0,35.0,12.0
PO0AZA,pequeño,4.03,8316.0,21.0,22.0,18.0
A0ZIIX,mediano,17.13,61380.0,33.0,60.0,31.0
WHCQNV,grande,29.35,1143714.0,143.0,86.0,93.0
06737G,mediano,5.79,134937.0,87.0,47.0,33.0
KJJC2T,mediano,8.06,69165.0,53.0,45.0,29.0
91M20Z,pequeño,1.27,3672.0,24.0,17.0,9.0
NX8AI2,pequeño,4.05,2970.0,22.0,27.0,5.0
38UQ4C,pequeño,2.22,780.0,39.0,10.0,2.0
5C1BE5,mediano,10.23,46656.0,48.0,27.0,36.0
DK1LJZ,grande,39.92,1633050.0,191.0,95.0,90.0
WZRNEN,pequeño,1.38,1624.0,29.0,28.0,2.0
4QSUQ9,pequeño,0.96,3410.0,31.0,10.0,11.0
7S1CWA,pequeño,2.32,2160.0,24.0,30.0,3.0
5AMXWF,grande,30.89,465750.0,135.0,75.0,46.0
XGGGDL,grande,32.83,323400.0,84.0,55.0,70.0
9LRKNG,grande,32.91,1161945.0,151.0,81.0,95.0
BSI86B,mediano,7.34,71208.0,46.0,43.0,36.0
THMBIN,mediano,17.19,40326.0,47.0,33.0,26.0
V8O86P,pequeño,1.8,7200.0,32.0,25.0,9.0
73BYDY,pequeño,3.49,2520.0,20.0,18.0,7.0
DU60U4,grande,20.98,531944.0,92.0,98.0,59.0
CX7DK3,grande,41.31,583110.0,93.0,66.0,95.0
